old_sha	new_sha
043a3461cc19a87df7633670e4e9a12163eeb843	39735c3f86aeda76346e238b41da5bf93abdb598
09961b5484b965f09e25f67c60b73ced5aa1fc1a	b56c8d1881faee5226bebf6a80ff0cc88ce9864c
0a6a18238734a17df0ee38d76592bbbc6ab149d5	003b778dff2e7ec2974a65fffdc694a62f96ae0f
0af5094de868a26e6672746068a1ff8912b50724	8bde97cd96a810c36a23c8b15e6d617ac11c056e
160330549f6871a63862762b074b1c3e984ba02d	28392bd30fdf6f92003446a48c9b607d1f3803e0
1a4556ba43887114d900b498d676f8179f8784a8	409dfa64f511ff7f9218438fa8f3d84e0b2c4460
231acf1723a0612db29d8e43dcab8dc45d1f0a4e	16c94aaa2789dca62df256c8e56ac71852e791e2
24463348b387f49a4f81c17d308c7230df7ebf66	0d2013a13e35ada0295d6a45accb5fbab1c5b707
28454fd19909500fc147feef15145533538c0b68	72b5e7426af2e4eb3aa678d960688956ad06fe71
2a85deb93ad62814dce28ccaa3f70c8d8be4a380	508f36a7ea88ae3efb213955a993328f75a6b0be
2c113a42c3b64aadfe8e6e02f6fd19478fe67813	f82745643ffc6961e8e61513045085b7eabb2f21
35590fbdfb0aa5222ea6e35c57bde49fbf7f63bb	d91ed94ca7b367b3a4e5c2ea9d130b918b52679d
4b78eca2c80545510fd96152ddee5d1df50b74b7	19dca49bd0fffc2d7b567293ed061d2d71998dc5
4c585fe2dc87813b7d2fff5711ef6d1b461e1b00	1b26f6b7c95fc9bb4496dea35242f66d97021ad4
5b8183dc934abee5f416623906bde319e32c132f	de1e7b43706ff3129526ccad7ff0d9ef32da1d54
60576eadf8e80deea5344c6b3fc0cea0563dd045	40b5a176e251b88d6cd454a39bc1dae401e227c5
69004b3e5cd5a6d015536b62383301fe62ee72eb	a88fe6d7314a9a1e5c0a9bbc3eff4fcf6a43fd81
6f0ef1dc5a66d1d2b12a0fb7f124feecb674bac7	3046649824c8a33db7cf43d8072811f8be7268a8
6f9749fabe1c490c90b776b221261e0f75cb11af	7f2cafa302b1a04855a1af0e4ead896610469c7a
7306be7bf13c54180503cf1b0489eac406f78135	b6c8124ff217f97dda96545c939f18f974d41fa7
790ef55d20e69e531e502de555599dea7a93ffb8	50205a680af669c45df2971eabccc3baf9fb7f0a
826dc46368cac39ab59a3a03e5b71860442d4836	c335a2ead260552407d85adb2fed68e4d028ee47
82cf7c953db2d9ef7f084e95cb5cc3dcba53f0a8	bdef66eb00ae24ced97bf268f52722c40674415f
84e04274f402bec68dba24a842311509822d3321	1f3b88071f7cac9c1b80e13227a4c2e0e0dc5d51
89e111b9f0afc05dc82e3b22320c822d10c04e27	bbf779b3e6d276b78ebac40ce0004383b4fdb83a
93975a1f6b78965a27466d245020ce11825a09a3	b82999c37fc7ee025234be82be7f64a330e834f3
9fadf345a79cef7cb6d37d0b035cebd8ae8f4c43	7846088cdff6b30701b9a453c67b73bcb3686cdf
adc4f70f760904e795a9cd81a7ce728581286f55	4df209fe687ab443629b73d75d584fbec6776bbb
af70b9d5fac5a7cf419bb0bdf870f6777670b9cd	4b081f36f4f5cca5a7a24aec3d1e7c618b7c3efb
b68ffd0f04c18a1754a8b2f06703732f8fda2bed	ee304dc3e0d799acea12dec0289c24ea5ea0db2a
c0698eda43b1103aa618f7bc78e9d63f52a8fb05	17af0dab9415deb4dfffe93f661e35f397ad97e9
c965b5b8fceee9032e0d5b41a05c09bcde2c2b2e	fb2ffd1892e34211872d975bc406f918cac9130a
d06288ac964542e8d369eaa0d2e6eb7635d3ba91	02384c8156c733a4d9af77cc4c63cd12c3e86a6f
e12c2f79fd639f9ced67af9e97c5c9ee33ead64a	7ba969b0956eacee0c6d9b79aff8ef765fe9a943
ea45b8ddbb2cf28e8bda1be9debbbdbf98f5c604	b1c9b07de5333915837e526bcaadeae40992e52f
eb3583b73d1dc7788ceaa50061f37ee9d826d469	30c9c4a4fe02950815cc995f30e9853db167b802
f63a4f5ca71706b5db3d4084677ab132dd3e5cfb	b2fffe50496da95b60795ed97f72443e71cb1fcf
f66e90c9eb64a1d2f0a1bfff5f03cb394cef11e5	e26bfe13b508faf6cf06fdcead74877776c4c370
fdc6b15b1427d20bd6ca521cebc6fb205e2a739b	69461a74dfea23c46cee35c6d21de18d3eb13869
